{
  "acc": 0.35074626865671643,
  "macroF1": 0.28790643129911136,
  "recall": [
    0.41379310344827586,
    0.4925373134328358,
    0.05263157894736842
  ],
  "coverage_by_conf": {
    "0.60": {
      "n": 77,
      "acc": 0.33766233766233766,
      "macroF1": 0.27050332383665715
    },
    "0.65": {
      "n": 42,
      "acc": 0.3333333333333333,
      "macroF1": 0.25268817204301075
    },
    "0.70": {
      "n": 14,
      "acc": 0.42857142857142855,
      "macroF1": 0.32634032634032634
    },
    "0.75": {
      "n": 2,
      "acc": 0.0,
      "macroF1": 0.0
    }
  },
  "trade_gate": {
    "cov": 0.022388059701492536,
    "acc": 0.0,
    "macroF1": 0.0
  }
}